Lucy,Blanton,Lucy.Blanton@arup.com
Yaeko,Cotto,Yaeko.Cotto@arup.com
Rina,Cancel,Rina.Cancel@arup.com
Geoffrey,Naval,Geoffrey.Naval@arup.com
Wei,Huntoon,Wei.Huntoon@arup.com
Mana,Piatt,Mana.Piatt@arup.com
Bo,Hammersmith,Bo.Hammersmith@arup.com
Tomas,Clinton,Tomas.Clinton@arup.com
Devon,Kirkendoll,Devon.Kirkendoll@arup.com
Delilah,Blakeley,Delilah.Blakeley@arup.com
Patty,Byam,Patty.Byam@arup.com
Belia,Harbor,Belia.Harbor@arup.com
Peg,Patague,Peg.Patague@arup.com
Dinah,Chennault,Dinah.Chennault@arup.com
Mittie,Lamm,Mittie.Lamm@arup.com
Christel,Chamber,Christel.Chamber@arup.com
Thomasina,Delossantos,Thomasina.Delossantos@arup.com
Cristine,Banner,Cristine.Banner@arup.com
Sherell,Peterman,Sherell.Peterman@arup.com
Magaly,Feller,Magaly.Feller@arup.com
Austin,Sallis,Austin.Sallis@arup.com
Jillian,Buchman,Jillian.Buchman@arup.com
Pilar,Lisk,Pilar.Lisk@arup.com
Shaniqua,Preiss,Shaniqua.Preiss@arup.com
Claire,Melecio,Claire.Melecio@arup.com
Rashida,Darr,Rashida.Darr@arup.com
Vanessa,Rough,Vanessa.Rough@arup.com
Carolyn,Seabrooks,Carolyn.Seabrooks@arup.com
Camila,Vieira,Camila.Vieira@arup.com
Goldie,Redick,Goldie.Redick@arup.com
Fatimah,Lillie,Fatimah.Lillie@arup.com
Waldo,Siegrist,Waldo.Siegrist@arup.com
Eusebia,Ireland,Eusebia.Ireland@arup.com
Kellee,Lamanna,Kellee.Lamanna@arup.com
Fiona,Greenland,Fiona.Greenland@arup.com
Ervin,Hillyer,Ervin.Hillyer@arup.com
Yer,Hannon,Yer.Hannon@arup.com
Madeleine,Frieden,Madeleine.Frieden@arup.com
Ronni,Willams,Ronni.Willams@arup.com
Marcel,Liberty,Marcel.Liberty@arup.com
Ivory,Alamo,Ivory.Alamo@arup.com
Mose,Voight,Mose.Voight@arup.com
Sunny,Gowins,Sunny.Gowins@arup.com
Gussie,Vause,Gussie.Vause@arup.com
Sanjuana,Garrett,Sanjuana.Garrett@arup.com
Taryn,Dicicco,Taryn.Dicicco@arup.com
Columbus,Pae,Columbus.Pae@arup.com
Justina,Huckaby,Justina.Huckaby@arup.com
Andre,Haughton,Andre.Haughton@arup.com
Miguel,Bedford,Miguel.Bedford@arup.com
Armanda,Ziller,Armanda.Ziller@arup.com
Armandina,Zilliox,Armandina.Zilliox@arup.com
Armando,Zillman,Armando.Zillman@arup.com
Armida,Zillmer,Armida.Zillmer@arup.com
Arminda,Zills,Arminda.Zills@arup.com
Arnetta,Zilnicki,Arnetta.Zilnicki@arup.com
Arnette,Zima,Arnette.Zima@arup.com
Arnita,Ziman,Arnita.Ziman@arup.com
Arnold,Zimba,Arnold.Zimba@arup.com
Arnoldo,Zimbelman,Arnoldo.Zimbelman@arup.com
Arnulfo,Zimerman,Arnulfo.Zimerman@arup.com
Aron,Zimick,Aron.Zimick@arup.com
Arron,Ziminski,Arron.Ziminski@arup.com
Art,Zimit,Art.Zimit@arup.com
Arthur,Zimlich,Arthur.Zimlich@arup.com
Arthur,Zimm,Arthur.Zimm@arup.com
Artie,Zimmel,Artie.Zimmel@arup.com
Arturo,Zimmer,Arturo.Zimmer@arup.com
Arvilla,Zimmerebner,Arvilla.Zimmerebner@arup.com
Asa,Zimmerer,Asa.Zimmerer@arup.com
Asha,Zimmerle,Asha.Zimmerle@arup.com
Ashanti,Zimmerli,Ashanti.Zimmerli@arup.com
Ashely,Zimmerly,Ashely.Zimmerly@arup.com
Ashlea,Zimmerman,Ashlea.Zimmerman@arup.com
Ashlee,Zimmermann,Ashlee.Zimmermann@arup.com
Ashleigh,Zin,Ashleigh.Zin@arup.com
Ashley,Zinck,Ashley.Zinck@arup.com
Ashley,Zincke,Ashley.Zincke@arup.com
Ashli,Zinda,Ashli.Zinda@arup.com
Ashlie,Zindel,Ashlie.Zindel@arup.com
Ashly,Zindell,Ashly.Zindell@arup.com
Ashlyn,Zingale,Ashlyn.Zingale@arup.com
Ashton,Zingarelli,Ashton.Zingarelli@arup.com
Asia,Zingaro,Asia.Zingaro@arup.com
Asley,Zinger,Asley.Zinger@arup.com
Assunta,Zingg,Assunta.Zingg@arup.com
Astrid,Zingler,Astrid.Zingler@arup.com
Asuncion,Zingone,Asuncion.Zingone@arup.com
Athena,Ziniewicz,Athena.Ziniewicz@arup.com
Aubrey,Zink,Aubrey.Zink@arup.com
Aubrey,Zinke,Aubrey.Zinke@arup.com
Audie,Zinkievich,Audie.Zinkievich@arup.com
Audra,Zinkl,Audra.Zinkl@arup.com
Audrea,Zinn,Audrea.Zinn@arup.com
Audrey,Zinner,Audrey.Zinner@arup.com
Audria,Zinni,Audria.Zinni@arup.com
Audrie,Zinno,Audrie.Zinno@arup.com
Audry,Zins,Audry.Zins@arup.com
August,Zinser,August.Zinser@arup.com
Augusta,Zinsli,Augusta.Zinsli@arup.com
Augustina,Zinsmeister,Augustina.Zinsmeister@arup.com
Augustine,Zinter,Augustine.Zinter@arup.com
Augustine,Zinz,Augustine.Zinz@arup.com
Augustus,Zinzow,Augustus.Zinzow@arup.com
Aundrea,Ziobro,Aundrea.Ziobro@arup.com
Aura,Ziola,Aura.Ziola@arup.com
Aurea,Ziolkowski,Aurea.Ziolkowski@arup.com
Aurelia,Zion,Aurelia.Zion@arup.com
Aurelio,Zipay,Aurelio.Zipay@arup.com
Aurora,Zipf,Aurora.Zipf@arup.com
Aurore,Zipfel,Aurore.Zipfel@arup.com
Austin,Zipkin,Austin.Zipkin@arup.com
Austin,Zipp,Austin.Zipp@arup.com
Autumn,Zippe,Autumn.Zippe@arup.com
Ava,Zipperer,Ava.Zipperer@arup.com
Avelina,Zipse,Avelina.Zipse@arup.com
Avery,Ziraldo,Avery.Ziraldo@arup.com
Avery,Zirbel,Avery.Zirbel@arup.com
Avis,Zircher,Avis.Zircher@arup.com
Avril,Zirin,Avril.Zirin@arup.com
Awilda,Zirk,Awilda.Zirk@arup.com
Ayako,Zirker,Ayako.Zirker@arup.com
Ayana,Zirkind,Ayana.Zirkind@arup.com
Ayanna,Zirkle,Ayanna.Zirkle@arup.com
Ayesha,Zirkles,Ayesha.Zirkles@arup.com
Azalee,Zisk,Azalee.Zisk@arup.com
Azucena,Ziska,Azucena.Ziska@arup.com
Azzie,Zisser,Azzie.Zisser@arup.com
Babara,Zissler,Babara.Zissler@arup.com
Babette,Zita,Babette.Zita@arup.com
Bailey,Ziter,Bailey.Ziter@arup.com
Bambi,Zito,Bambi.Zito@arup.com
Bao,Zittel,Bao.Zittel@arup.com
Barabara,Zitzelberger,Barabara.Zitzelberger@arup.com
Barb,Zitzloff,Barb.Zitzloff@arup.com
Barbar,Zitzmann,Barbar.Zitzmann@arup.com
Barbara,Zitzow,Barbara.Zitzow@arup.com
Barbera,Ziv,Barbera.Ziv@arup.com
Barbie,Ziyad,Barbie.Ziyad@arup.com
Barbra,Zizza,Barbra.Zizza@arup.com
Bari,Zizzo,Bari.Zizzo@arup.com
Barney,Zlaten,Barney.Zlaten@arup.com
Barrett,Zlatkin,Barrett.Zlatkin@arup.com
Barrie,Zlotnick,Barrie.Zlotnick@arup.com
Barry,Zlotnik,Barry.Zlotnik@arup.com
Bart,Zmek,Bart.Zmek@arup.com
Barton,Zmich,Barton.Zmich@arup.com
Basil,Zmiejko,Basil.Zmiejko@arup.com
Basilia,Zmijewski,Basilia.Zmijewski@arup.com
Bea,Zmolek,Bea.Zmolek@arup.com
Beata,Zmuda,Beata.Zmuda@arup.com
Beatrice,Znidarsic,Beatrice.Znidarsic@arup.com
Beatris,Zobel,Beatris.Zobel@arup.com
Beatriz,Zobell,Beatriz.Zobell@arup.com
Beau,Zoch,Beau.Zoch@arup.com
Beaulah,Zocklein,Beaulah.Zocklein@arup.com
Bebe,Zoda,Bebe.Zoda@arup.com
Becki,Zodrow,Becki.Zodrow@arup.com
Beckie,Zody,Beckie.Zody@arup.com
Becky,Zoebisch,Becky.Zoebisch@arup.com
Bee,Zoelle,Bee.Zoelle@arup.com
Belen,Zoeller,Belen.Zoeller@arup.com
Belia,Zoellick,Belia.Zoellick@arup.com
Belinda,Zoellner,Belinda.Zoellner@arup.com
Belkis,Zogby,Belkis.Zogby@arup.com
Bell,Zogg,Bell.Zogg@arup.com
Bella,Zoglmann,Bella.Zoglmann@arup.com
Belle,Zogopoulos,Belle.Zogopoulos@arup.com
Belva,Zohn,Belva.Zohn@arup.com
Ben,Zola,Ben.Zola@arup.com
Benedict,Zoldak,Benedict.Zoldak@arup.com
Benita,Zoldesy,Benita.Zoldesy@arup.com
Benito,Zolezzi,Benito.Zolezzi@arup.com
Benjamin,Zolinas,Benjamin.Zolinas@arup.com
Bennett,Zolinski,Bennett.Zolinski@arup.com
Bennie,Zoll,Bennie.Zoll@arup.com
Bennie,Zolla,Bennie.Zolla@arup.com
Benny,Zollar,Benny.Zollar@arup.com
Benton,Zollars,Benton.Zollars@arup.com
Berenice,Zoller,Berenice.Zoller@arup.com
Berna,Zollicoffer,Berna.Zollicoffer@arup.com
Bernadette,Zollinger,Bernadette.Zollinger@arup.com
Bernadine,Zollman,Bernadine.Zollman@arup.com
Bernard,Zollner,Bernard.Zollner@arup.com
Bernarda,Zollo,Bernarda.Zollo@arup.com
Bernardina,Zolman,Bernardina.Zolman@arup.com
Bernardine,Zolnoske,Bernardine.Zolnoske@arup.com
Bernardo,Zolocsik,Bernardo.Zolocsik@arup.com
Berneice,Zolondek,Berneice.Zolondek@arup.com
Bernetta,Zoltek,Bernetta.Zoltek@arup.com
Bernice,Zolty,Bernice.Zolty@arup.com
Bernie,Zomberg,Bernie.Zomberg@arup.com
Bernie,Zombo,Bernie.Zombo@arup.com
Berniece,Zombory,Berniece.Zombory@arup.com
Bernita,Zombro,Bernita.Zombro@arup.com
Berry,Zomer,Berry.Zomer@arup.com
Berry,Zomora,Berry.Zomora@arup.com
Bert,Zomorodi,Bert.Zomorodi@arup.com
Berta,Zona,Berta.Zona@arup.com
Bertha,Zondlo,Bertha.Zondlo@arup.com
Bertie,Zone,Bertie.Zone@arup.com
Bertram,Zonia,Bertram.Zonia@arup.com
Beryl,Zonker,Beryl.Zonker@arup.com
Bess,Zook,Bess.Zook@arup.com
Bessie,Zoquier,Bessie.Zoquier@arup.com
Beth,Zorc,Beth.Zorc@arup.com
Bethanie,Zordan,Bethanie.Zordan@arup.com
Bethann,Zorens,Bethann.Zorens@arup.com
Bethany,Zorich,Bethany.Zorich@arup.com
Bethel,Zorilla,Bethel.Zorilla@arup.com
Betsey,Zorko,Betsey.Zorko@arup.com
Betsy,Zorman,Betsy.Zorman@arup.com
Bette,Zorn,Bette.Zorn@arup.com
Bettie,Zornes,Bettie.Zornes@arup.com
Bettina,Zorns,Bettina.Zorns@arup.com
Betty,Zoroiwchak,Betty.Zoroiwchak@arup.com
Bettyann,Zorra,Bettyann.Zorra@arup.com
Bettye,Zorrilla,Bettye.Zorrilla@arup.com
Beula,Zortman,Beula.Zortman@arup.com
Beulah,Zorzi,Beulah.Zorzi@arup.com
Bev,Zosel,Bev.Zosel@arup.com
Beverlee,Zoss,Beverlee.Zoss@arup.com
Beverley,Zotos,Beverley.Zotos@arup.com
Beverly,Zotti,Beverly.Zotti@arup.com
Bianca,Zottola,Bianca.Zottola@arup.com
Bibi,Zou,Bibi.Zou@arup.com
Bill,Zoucha,Bill.Zoucha@arup.com
Billi,Zoulek,Billi.Zoulek@arup.com
Billie,Zoumis,Billie.Zoumis@arup.com
Billie,Zourkos,Billie.Zourkos@arup.com
Billy,Zoutte,Billy.Zoutte@arup.com
Billy,Zozaya,Billy.Zozaya@arup.com
Billye,Zrake,Billye.Zrake@arup.com
Birdie,Zrimsek,Birdie.Zrimsek@arup.com
Birgit,Zsadanyi,Birgit.Zsadanyi@arup.com
Blaine,Zschoche,Blaine.Zschoche@arup.com
Blair,Zsohar,Blair.Zsohar@arup.com
Blair,Zuanich,Blair.Zuanich@arup.com
Blake,Zuazo,Blake.Zuazo@arup.com
Blake,Zubek,Blake.Zubek@arup.com
Blanca,Zuber,Blanca.Zuber@arup.com
Blanch,Zuberbuhler,Blanch.Zuberbuhler@arup.com
Blanche,Zubia,Blanche.Zubia@arup.com
Blondell,Zubiate,Blondell.Zubiate@arup.com
Blossom,Zubik,Blossom.Zubik@arup.com
Blythe,Zubizarreta,Blythe.Zubizarreta@arup.com
Bo,Zubke,Bo.Zubke@arup.com
Bob,Zubris,Bob.Zubris@arup.com
Bobbi,Zubrowski,Bobbi.Zubrowski@arup.com
Bobbie,Zubrzycki,Bobbie.Zubrzycki@arup.com
Bobbie,Zucca,Bobbie.Zucca@arup.com
Ngoc,Zuccarelli,Ngoc.Zuccarelli@arup.com
Nguyet,Zuccaro,Nguyet.Zuccaro@arup.com
Nia,Zucchetto,Nia.Zucchetto@arup.com
Nichelle,Zucco,Nichelle.Zucco@arup.com
Nichol,Zucconi,Nichol.Zucconi@arup.com
Nicholas,Zuch,Nicholas.Zuch@arup.com
Nichole,Zuchara,Nichole.Zuchara@arup.com
Nicholle,Zuchelkowski,Nicholle.Zuchelkowski@arup.com
Nick,Zuchowski,Nick.Zuchowski@arup.com
Nicki,Zuck,Nicki.Zuck@arup.com
Nickie,Zucker,Nickie.Zucker@arup.com
Nickolas,Zuckerberg,Nickolas.Zuckerberg@arup.com
Nickole,Zuckerman,Nickole.Zuckerman@arup.com
Nicky,Zuckerwar,Nicky.Zuckerwar@arup.com
Nicky,Zuclich,Nicky.Zuclich@arup.com
Nicol,Zuehl,Nicol.Zuehl@arup.com
Nicola,Zuehlke,Nicola.Zuehlke@arup.com
Nicolas,Zuehls,Nicolas.Zuehls@arup.com
Nicolasa,Zuehlsdorff,Nicolasa.Zuehlsdorff@arup.com
Nicole,Zuelke,Nicole.Zuelke@arup.com
Nicolette,Zuercher,Nicolette.Zuercher@arup.com
Nicolle,Zuerlein,Nicolle.Zuerlein@arup.com
Nida,Zufall,Nida.Zufall@arup.com
Nidia,Zufelt,Nidia.Zufelt@arup.com
Niesha,Zugg,Niesha.Zugg@arup.com
Nieves,Zuhlke,Nieves.Zuhlke@arup.com
Nigel,Zuidema,Nigel.Zuidema@arup.com
Niki,Zuk,Niki.Zuk@arup.com
Nikia,Zukas,Nikia.Zukas@arup.com
Nikita,Zukerman,Nikita.Zukerman@arup.com
Nikki,Zukof,Nikki.Zukof@arup.com
Nikole,Zukor,Nikole.Zukor@arup.com
Nila,Zukoski,Nila.Zukoski@arup.com
Nilda,Zukowski,Nilda.Zukowski@arup.com
Nilsa,Zukowsky,Nilsa.Zukowsky@arup.com
Nina,Zulauf,Nina.Zulauf@arup.com
Ninfa,Zuleger,Ninfa.Zuleger@arup.com
Nisha,Zulfer,Nisha.Zulfer@arup.com
Nita,Zulkowski,Nita.Zulkowski@arup.com
Noah,Zullig,Noah.Zullig@arup.com
Noble,Zullinger,Noble.Zullinger@arup.com
Nobuko,Zullo,Nobuko.Zullo@arup.com
Noe,Zuluaga,Noe.Zuluaga@arup.com
Noel,Zumalt,Noel.Zumalt@arup.com
Noel,Zumaya,Noel.Zumaya@arup.com
Noelia,Zumba,Noelia.Zumba@arup.com
Noella,Zumbach,Noella.Zumbach@arup.com
Noelle,Zumbo,Noelle.Zumbo@arup.com
Noemi,Zumbrennen,Noemi.Zumbrennen@arup.com
Nohemi,Zumbrunnen,Nohemi.Zumbrunnen@arup.com
Nola,Zummo,Nola.Zummo@arup.com
Nolan,Zumot,Nolan.Zumot@arup.com
Noma,Zumpano,Noma.Zumpano@arup.com
Nona,Zumpfe,Nona.Zumpfe@arup.com
Nora,Zumsteg,Nora.Zumsteg@arup.com
Norah,Zumstein,Norah.Zumstein@arup.com
Norbert,Zumwalt,Norbert.Zumwalt@arup.com
Norberto,Zundel,Norberto.Zundel@arup.com
Noreen,Zunich,Noreen.Zunich@arup.com
Norene,Zuniega,Norene.Zuniega@arup.com
Noriko,Zuniga,Noriko.Zuniga@arup.com
Norine,Zunino,Norine.Zunino@arup.com
Norma,Zunker,Norma.Zunker@arup.com
Norman,Zuno,Norman.Zuno@arup.com
Norman,Zupan,Norman.Zupan@arup.com
Normand,Zupancic,Normand.Zupancic@arup.com
Norris,Zupfer,Norris.Zupfer@arup.com
Nova,Zupp,Nova.Zupp@arup.com
Novella,Zuppa,Novella.Zuppa@arup.com
Nu,Zurasky,Nu.Zurasky@arup.com
Nubia,Zurawik,Nubia.Zurawik@arup.com
Numbers,Zurawski,Numbers.Zurawski@arup.com
Numbers,Zurcher,Numbers.Zurcher@arup.com
Nydia,Zurek,Nydia.Zurek@arup.com
Nyla,Zurheide,Nyla.Zurheide@arup.com
Obdulia,Zurich,Obdulia.Zurich@arup.com
Ocie,Zurin,Ocie.Zurin@arup.com
Octavia,Zurita,Octavia.Zurita@arup.com
Octavio,Zurkuhlen,Octavio.Zurkuhlen@arup.com
Oda,Zurkus,Oda.Zurkus@arup.com
Odelia,Zurmiller,Odelia.Zurmiller@arup.com
Odell,Zurn,Odell.Zurn@arup.com
Odell,Zuro,Odell.Zuro@arup.com
Odessa,Zurovec,Odessa.Zurovec@arup.com
Odette,Zurowski,Odette.Zurowski@arup.com
Odilia,Zusman,Odilia.Zusman@arup.com
Odis,Zutell,Odis.Zutell@arup.com
Ofelia,Zutter,Ofelia.Zutter@arup.com
Ok,Zuver,Ok.Zuver@arup.com
Ola,Zuvich,Ola.Zuvich@arup.com
Olen,Zuwkowski,Olen.Zuwkowski@arup.com
Olene,Zuziak,Olene.Zuziak@arup.com
Oleta,Zvorsky,Oleta.Zvorsky@arup.com
Olevia,Zwack,Olevia.Zwack@arup.com
Olga,Zwagerman,Olga.Zwagerman@arup.com
Olimpia,Zwahlen,Olimpia.Zwahlen@arup.com
Olin,Zwanzig,Olin.Zwanzig@arup.com
Olinda,Zwart,Olinda.Zwart@arup.com
Oliva,Zweier,Oliva.Zweier@arup.com
Olive,Zweifel,Olive.Zweifel@arup.com
Oliver,Zweig,Oliver.Zweig@arup.com
Olivia,Zwerschke,Olivia.Zwerschke@arup.com
Ollie,Zwick,Ollie.Zwick@arup.com
Ollie,Zwicker,Ollie.Zwicker@arup.com
Olympia,Zwickl,Olympia.Zwickl@arup.com
Oma,Zwiebel,Oma.Zwiebel@arup.com
Omar,Zwiefel,Omar.Zwiefel@arup.com
Omega,Zwiefelhofer,Omega.Zwiefelhofer@arup.com
Omer,Zwiener,Omer.Zwiener@arup.com
Ona,Zwigart,Ona.Zwigart@arup.com
Oneida,Zwilling,Oneida.Zwilling@arup.com
Onie,Zwinger,Onie.Zwinger@arup.com
Onita,Zwingman,Onita.Zwingman@arup.com
Opal,Zwolak,Opal.Zwolak@arup.com
Ophelia,Zwolensky,Ophelia.Zwolensky@arup.com
Ora,Zwolinski,Ora.Zwolinski@arup.com
Oralee,Zwolski,Oralee.Zwolski@arup.com
Oralia,Zybia,Oralia.Zybia@arup.com
Oren,Zych,Oren.Zych@arup.com
Oretha,Zygmont,Oretha.Zygmont@arup.com
Orlando,Zyla,Orlando.Zyla@arup.com
Orpha,Zylka,Orpha.Zylka@arup.com
Orval,Zylstra,Orval.Zylstra@arup.com
Orville,Zymowski,Orville.Zymowski@arup.com
Oscar,Zynda,Oscar.Zynda@arup.com
Oscar,Zysett,Oscar.Zysett@arup.com
Ossie,Zysk,Ossie.Zysk@arup.com
Osvaldo,Zyskowski,Osvaldo.Zyskowski@arup.com
Oswaldo,Zywiec,Oswaldo.Zywiec@arup.com
